id,name,desc,kind,target,count,gold
a_kill100,망자 사냥꾼,몬스터 100마리 처치,kill,,100,300
a_kill1000,잿빛 학살자,몬스터 1000마리 처치,kill,,1000,2500
a_capture1,첫 그림자,혼 추출 첫 성공,capture,,1,100
a_capture25,그림자 수집가,혼 추출 25회 성공,capture,,25,1200
a_species5,군단의 시작,서로 다른 몬스터 5종의 그림자 포획,capture_species,,5,800
a_raise50,망자의 주인,해골·마법사 50번 일으키기,raise,,50,500
a_level10,깨어난 네크로맨서,10레벨 달성,level,,10,500
a_level20,잿빛의 군주,20레벨 달성,level,,20,2000
a_depth5,심연 하강,심도 5층 정복,depth,,5,1500
a_depth10,끝없는 아래,심도 10층 정복,depth,,10,4000
a_elite50,정예 사냥꾼,정예·우두머리 50마리 처치,kill_elite,,50,1200
a_queen,여왕의 몰락,묘지기 여왕 처치,kill_source,grave_queen,1,1500
a_quests,잿빛 변경의 해방자,잿빛 변경 의뢰 모두 완료,quest,,6,2000
a_codex,잿빛 변경 도감,잿빛 변경 몬스터 모두 처치해 도감 채우기,collection,,13,3000
a_daily10,성실한 사냥꾼,일일 의뢰 10개 완료,daily,,10,1000
