name,kind,w,h,ruid
caravan,npc,90,140,3e45c1d347e44cb2bf05c29ab3c8025e
scholar,npc,90,140,bceadaabeab04df28fb8203eee482899
apothecary,npc,90,140,a17696576da849f490dd4a266957dfd1
fireball,effect,48,48,85e076a0561a4981ae97031d92784bb4
sand-floor,floor,128,128,3b9ccc924b384c4ca5018bb9727d3527
dry-ground,floor,128,128,8da765cc5e1d4a4da1ccafb009343b4d
sandstone-road,floor,128,128,32baf1fe5a0e49c287cdba0534178197
dune-borders-nw,border-atlas,128,128,2eb8c46042634739b7885d71c3de3441
dune-borders-n,border-atlas,128,128,56b4d8e298c2461fa1725c9aad47b31f
dune-borders-ne,border-atlas,128,128,e2df10ad40ad47418f99e986b6c903e8
dune-borders-w,border-atlas,128,128,b0fd817d01324189a4fbecf1cdfdb572
dune-borders-center,border-atlas,128,128,418efa56f999437983c01d6f581ba653
dune-borders-e,border-atlas,128,128,a23a11c285bd4497b0506564d22cec24
dune-borders-sw,border-atlas,128,128,1b3d6f940f954e84ab0c90f7b13c37c7
dune-borders-s,border-atlas,128,128,e772a9130327438791106146c64f587d
dune-borders-se,border-atlas,128,128,d8e8767101f74cd485ea6f26fc038ced
canyon-borders-nw,border-atlas,128,128,c1903c6c880e43b5b529ceaaaf610e22
canyon-borders-n,border-atlas,128,128,cb6a86799eaa45acb98327cf2fa9f604
canyon-borders-ne,border-atlas,128,128,07eab4bdcab243cb9c9a9fe0773ecfc8
canyon-borders-w,border-atlas,128,128,202318d4cc424562a1c52ce1030bb593
canyon-borders-center,border-atlas,128,128,86314a43f01944c9ae97fc95ecad40eb
canyon-borders-e,border-atlas,128,128,42165100c1234644b249e5f581baf48c
canyon-borders-sw,border-atlas,128,128,fc345693c0fa45099ef12024a55fa507
canyon-borders-s,border-atlas,128,128,9487ed150d524f09811c8a6c992219a0
canyon-borders-se,border-atlas,128,128,f4b4f17e9ce94053b26a62d9f3cafee4
oasis-pool,prop,256,160,fde09b170c7e44bcb23512ad5c925b76
palm,prop,160,240,0dc84fce7b294631b3b2fe940f6b93d0
tent,prop,240,180,a06cf13549334c6ebe53f8a2f1efeda4
market-stall,prop,220,160,085b576666204c7f82da1c65056468f7
well,prop,160,180,44083ee2028a45ddae5b4a7d5b8e6a2b
desert-rock,prop,180,140,cf9c69e7067d4cebbaaa928f8a7a9ac9
wind-stele,prop,140,190,50466291e4454674aea12d9687455ae7
desert-bones,prop,220,120,f97d861d5f444f8bb5f10657a8c558c3
broken-column,prop,140,200,cbe8243a8f2847b2ad5cd26c6d49264b
poison-ground,effect,160,80,0dc593d59b2e470fb688841f52e988ad
fire-ground,effect,140,70,cecfacf86572432e88c662e8fd852003
sand-cave-floor,floor,128,128,3853ce44496c41009ed1db1f427a4fea
well-floor,floor,128,128,8dc8d7fdb8914d3cad0814b21c4ca75f
tomb-floor,floor,128,128,f42436b50da74c829164b6393d7c22cb
archive-floor,floor,128,128,22512ba325414f01b98e449cf34d293b
viper-floor,floor,128,128,9781c19ce1684c229bb345dd0b3483ef
cave-borders-nw,border-atlas,128,128,9bbf298372ad48cd8f2b690fbec5391b
cave-borders-n,border-atlas,128,128,e2ef656b92624d39b2753bdfb46b7ef5
cave-borders-ne,border-atlas,128,128,fdceb6a4f9f448358a72fbeb7b88fa61
cave-borders-w,border-atlas,128,128,940187a892ea46369078be72fc18c1a7
cave-borders-center,border-atlas,128,128,37f691ca6f0b43de994cac4375e247fb
cave-borders-e,border-atlas,128,128,7be6824d70f14b708d692e37c83348b9
cave-borders-sw,border-atlas,128,128,b652b917090e4814bd9cfc5ca06a32d4
cave-borders-s,border-atlas,128,128,6dc4f267f3684ac28e3cedcd2bf87e6e
cave-borders-se,border-atlas,128,128,9218ddef7c6d4074938f6b101e50b859
tomb-borders-nw,border-atlas,128,128,e3524d6661f941068de6fb85f5217d11
tomb-borders-n,border-atlas,128,128,072605b1dbe24ea8b1540bc6ab3b8415
tomb-borders-ne,border-atlas,128,128,56bba632c19a483b96a7d65d0f3efd40
tomb-borders-w,border-atlas,128,128,d3dd9a48328f420f9cbee3b270a8066b
tomb-borders-center,border-atlas,128,128,c645d1370e08466583399e9448d09dd1
tomb-borders-e,border-atlas,128,128,e575fa046ea547d191ad294ad2ca7b8c
tomb-borders-sw,border-atlas,128,128,8673c3cbcd5e4e3da2c97e942fc3b1d7
tomb-borders-s,border-atlas,128,128,fe4405affb2b43d49ef90cb6986579d3
tomb-borders-se,border-atlas,128,128,27f94e3938a843bcbdb7b98546082a25
bookshelf,prop,220,180,e9738b35733d45e396ef04b6b3aa9404
burnt-paper,prop,128,96,f353b7fc58c044c2a8407b9c659e77bf
viper-nest,prop,200,140,9793ac48b063464086c9c590e9fe8d00
cave-entrance,prop,240,200,280ddb64a6cd4b8487c2ef6032aba6dd
tomb-door,prop,240,240,6bbd9f65e8db496099fc7d31c9888ef7
sandstorm-overlay,effect,1920,1080,02c3e4602f404a3eb4e3875b87d9ba76
temple-floor,floor,128,128,cd36851d99c044898591f5299952f427
temple-borders-nw,border-atlas,128,128,bed942b82b5645329853d664e80a7517
temple-borders-n,border-atlas,128,128,6ad3b3f061a94ea5bcea6a657008480e
temple-borders-ne,border-atlas,128,128,f23033da58a84c6fa315924e83dc45b3
temple-borders-w,border-atlas,128,128,e9aebe597f0e4a14906e78f5f2afc65f
temple-borders-center,border-atlas,128,128,a0a8988fe3a041e881ef27a6b7a0bd2c
temple-borders-e,border-atlas,128,128,b96b692f83404fc5a739fb221934df13
temple-borders-sw,border-atlas,128,128,36ae37d5fa2f4117a1e6d14d5507cd2a
temple-borders-s,border-atlas,128,128,0c142826da824eb48bc9fd1b3be76a49
temple-borders-se,border-atlas,128,128,9778f29e1f6c42708e6985396ae0cd82
temple-column,prop,160,260,2926a1329c304c9290c5da8f74500c57
temple-stairs,prop,256,192,9388949febac4f81a3d9ba4846fd11e0
