key,value,note
deployBase,5,배치 기본 한도
hardCap,8,배치 절대 상한 (스킬·장비 보너스 포함)
extractReach,1.2,혼 추출 가능 거리
shadowStatMul,0.6,원본 대비 그림자 능력치 배율
shadowLevelGrowth,0.08,그림자 레벨당 성장률
shadowSourceAtk_g1,25,그림자 계산용 원본 공격력 (일반)
shadowSourceAtk_g2,50,(정예)
shadowSourceAtk_g3,100,(보스)
shadowSourceHp_g1,60,그림자 계산용 원본 생명 (일반)
shadowSourceHp_g2,150,(정예)
shadowSourceHp_g3,600,(보스)
respawnDelaySec,10,사망한 그림자 재소환 대기
disassembleYield_g1,1,등급1 분해 시 정수
disassembleYield_g2,4,등급2 분해 시 정수
monsterHpPerLevel,0.3,몬스터 레벨당 체력 증가율 (선형)
monsterDmgPerLevel,0.2,몬스터 레벨당 공격 증가율 (선형)
eliteHpMul,3,정예 체력 배율 (최상위 제외)
defConstPerLevel,100,방어 감소율 = def/(def+이 값×공격자레벨) (시뮬레이터)
resistCap,75,플레이어 저항 상한 (%)
expCurveCoef,100,expToNext = round(coef × n^exp)
expCurveExp,2.4,경험치 곡선 지수
levelCap,80,레벨 상한
statPerLevel,5,레벨업 능력치 포인트
skillPerLevel,1,레벨업 스킬 포인트
playerBaseDps,10,레벨1 플레이어 기본 DPS (시뮬레이터)
playerDpsPerLevel,0.12,레벨당 DPS 증가율 (시뮬레이터)
playerBaseHp,60,레벨1 생명
playerHpPerLevel,1.5,레벨당 생명 (능력치 제외)
aiTickSec,0.5,AI 틱 주기 (시뮬레이터)
depthBaseLevel,12,심도 1층 몬스터 레벨 기준 (난이도 가산·층 수 별도)
depthMobBase,8,심도 층당 몬스터 수 = depthMobBase + 층 (최대 depthMobMax)
depthMobMax,24,
depthEliteBase,0.15,심도 정예 확률 = depthEliteBase + depthElitePerFloor × 층 (최대 depthEliteMax)
depthElitePerFloor,0.02,
depthEliteMax,0.4,
depthUniqueLevelBonus,3,심도 최상위 몬스터 레벨 가산
deathGoldPctCap,20,사망 골드 손실 % = 레벨 (최대 이 값) — D2 규칙
deathExpRecover,0.75,시체를 되찾으면 잃은 경험치 중 회복되는 비율 — D2 규칙
extractMasteryPerLv,0.015,추출 숙련 레벨당 추출 확률
extractChanceCap,0.75,추출 확률 상한 (보스 포함)
bossShadowDeployLimit,1,보스 그림자 동시 소환 수
shadowRefHp,60,그림자 개성 기준: 일반 몬스터 평균 생명 (원본 생명 / 이 값 = 생명 배율)
shadowRefDmg,7,그림자 개성 기준: 일반 몬스터 평균 공격 (원본 공격 / 이 값 = 공격 배율)
shadowRatioMin,0.5,원본 배율 하한
shadowRatioMax,2.5,원본 배율 상한
shadowCooldownMul,0.67,그림자 공격 간격 = 원본 공격 간격 × 이 값
shadowSpeedMin,1.0,그림자 이동 속도 하한 (주인을 따라가도록)
shadowSpeedMax,2.0,그림자 이동 속도 상한
skeletonAtkBase,6,해골 전사 공격 (스킬 1레벨)
skeletonAtkPerLv,2,해골 전사 공격 증가/스킬 레벨
skeletonHpBase,40,해골 전사 생명 (스킬 1레벨)
skeletonHpPerLv,10,해골 전사 생명 증가/스킬 레벨
skeletonCooldown,1.1,해골 전사 공격 간격(초)
skeletonSpeed,1.4,해골 전사 이동 속도
mageAtkBase,5,해골 마법사 공격 (전부 속성 피해)
mageAtkPerLv,2,해골 마법사 공격 증가/스킬 레벨
mageHpBase,25,해골 마법사 생명
mageHpPerLv,6,해골 마법사 생명 증가/스킬 레벨
mageCooldown,1.6,해골 마법사 공격 간격(초)
mageRange,3.5,해골 마법사 사거리
skeletonMasteryPct,7,해골 숙련 레벨당 공격·생명 %
undeadCountMax,8,해골 전사·마법사 각각 최대 수 (D2: 스킬 20레벨 = 8)
reviveSeconds,180,되살림 지속 (D2 180초)
reviveCountMax,5,되살림 동시 최대 (D2는 스킬 레벨, 서버 부하로 5 제한)
reviveStatMul,1.0,되살림 능력치 배율 (원본 몬스터 그대로)
variantChance,0.04,스포너 몬스터가 변종 우두머리(오오라·특수 기술)로 나올 확률
auraTickSec,0.5,오오라 갱신 간격
auraHoldSec,1.2,오오라 유지 시간 (범위를 벗어나면 이만큼 뒤 사라짐)
iasCap,75,공격 속도 상한 %
fcrCap,75,시전 속도 상한 %
baseAttackInterval,0.45,기본 공격 최소 간격(초) — 공격 속도로 줄어든다
shadowCapBonusMax,2,세트로 늘릴 수 있는 그림자 상한 합계 최대 (hardCap 8 → 10)
shadowFullLevel,15,이 캐릭터 레벨 전에는 그림자 배치가 shadowEarlyDeployLimit로 묶인다 (Lv5 맛보기 → Lv15 본격)
shadowEarlyDeployLimit,1,Lv15 전 그림자 동시 배치 수
bossExclusiveShare,0.5,보스·최상위가 유니크를 떨굴 때 그 몬스터 전용 유니크일 확률
townArrivalX,0,마을 도착 위치 x (귀환·사망 부활·포털)
townArrivalY,-3.6,마을 도착 위치 y
respawnHideRadius,9,리스폰 시 이 거리 안에 플레이어가 있으면 미룬다 (D2처럼 보이는 곳에서 되살아나지 않게)
packRadius,1.4,무리 몬스터가 무리 중심에서 흩어지는 반경
knockbackSec,0.12,넉백 시간(초)
knockbackSpeed,5,넉백 중 이동 속도 (InputSpeed)
knockbackMinionMul,0,소환수(그림자·언데드)가 친 넉백 배율 (0 = 없음. 다수 타격으로 몬스터가 묶이지 않게)
hitRecoverPct,0.125,한 번에 최대 생명의 이 비율 이상 맞으면 경직 (D2 hit recovery)
staggerSec,0.3,경직 시간(초): 피격 모션·이동·공격 멈춤
heavyHitPct,0.3,최대 생명의 이 비율 이상 피해 = 강타 (큰 타격 이펙트·화면 흔들림)
playerSpeedMul,1.44,플레이어 기본 이동 속도 배율 (모델 InputSpeed × 이 값)
