set,base,name,mods
ashen_legion,helm1,잿빛 군단의 두건,"def=8,minion=8"
ashen_legion,armor1,잿빛 군단의 수의,"def=12,life=15"
ashen_legion,gloves1,잿빛 군단의 손,"ias=10,minion=5"
ashen_legion,boots1,잿빛 군단의 행군화,"ms=10,fireRes=15"
bone_choir,helm2,합창단의 뼈 투구,"def=20,mana=30,minion=10"
bone_choir,armor2,합창단의 늑골 갑옷,"def=40,life=30,poisonRes=25"
bone_choir,lamp2,합창단의 망령 등불,"minion=20,ene=10,fcr=10"
grave_king,helm3,무덤왕의 혼관,"def=45,minion=20,mf=30"
grave_king,armor3,무덤왕의 수의 갑주,"def=90,life=60,vit=15"
grave_king,lamp3,무덤왕의 혼백 등불,"minion=35,deploy=1,ene=20"
grave_king,amulet1,무덤왕의 인장,"allRes=20,fcr=20,minion=15"
