id,name,slot,reqLv,dmg,def,sockets,icon,avatar,iconPx
scythe1,단낫,weapon,1,6,0,3,c5e46789cbea4054a9e059d0ce1dd96e,c5e46789cbea4054a9e059d0ce1dd96e,
staff1,나무 지팡이,weapon,1,4,0,3,7380b5e5754a4e338e65fa232a8a095b,7380b5e5754a4e338e65fa232a8a095b,
scythe2,장낫,weapon,26,18,0,3,c20c4117358c4c358d65b4f7c4a29609,c20c4117358c4c358d65b4f7c4a29609,
staff2,뼈 지팡이,weapon,26,14,0,4,77c7d4c3a67d4a9d93939b391350e034,77c7d4c3a67d4a9d93939b391350e034,
scythe3,사신의 낫,weapon,51,40,0,6,041d801e72034c0cad3f2213a6c44b5b,041d801e72034c0cad3f2213a6c44b5b,
staff3,혼 지팡이,weapon,51,32,0,6,99ea88602ee949cf8cd8dcb62737dc40,99ea88602ee949cf8cd8dcb62737dc40,
lamp1,희미한 등불,offhand,1,0,2,2,60d9c49cd78d44258f4cf0fa4f05e54e,,
lamp2,망령 등불,offhand,26,0,8,3,64a4e61365c047fd97e302b87db52f1c,,1254
lamp3,혼백 등불,offhand,51,0,20,3,8d71da35517447449c9450fe9e0d3100,,1254
helm1,가죽 두건,helm,1,0,3,3,a2354df0a94b4e708ab28d17ea4fc8bb,a2354df0a94b4e708ab28d17ea4fc8bb,
helm2,뼈 투구,helm,26,0,12,3,e2146355c5fe43089c977aa3a9ddf04e,e2146355c5fe43089c977aa3a9ddf04e,
helm3,혼관,helm,51,0,30,3,83a5c0a52e0646daaf541b8ecb777748,83a5c0a52e0646daaf541b8ecb777748,
armor1,누더기 로브,armor,1,0,6,3,573ef2563e9a45139a3457f60a0f539f,573ef2563e9a45139a3457f60a0f539f,
armor2,뼈 갑옷,armor,26,0,25,4,50934b9faee343219fd3b8d256d88bc2,50934b9faee343219fd3b8d256d88bc2,
armor3,망령 갑주,armor,51,0,60,5,3670df1c48fa4f2fa75a6314c5d8fba5,3670df1c48fa4f2fa75a6314c5d8fba5,
gloves1,천 장갑,gloves,1,0,2,0,6bdf93a99f7a4a6e8e05eccb11dac112,6bdf93a99f7a4a6e8e05eccb11dac112,
gloves2,뼈 손아귀,gloves,30,0,9,0,41b31b82b79a4eaca260e3fb4bd21b09,41b31b82b79a4eaca260e3fb4bd21b09,
boots1,짚신,boots,1,0,2,0,6726f00ad32b45fe87ac3bdf5ca4e0db,6726f00ad32b45fe87ac3bdf5ca4e0db,
boots2,망자의 장화,boots,30,0,9,0,0895fdeb63774a86931f2073f4c77bc8,0895fdeb63774a86931f2073f4c77bc8,
belt1,끈 허리띠,belt,1,0,2,0,8e468fdd96b34149a7ef1e187f0ba1ae,,1254
belt2,뼈 허리띠,belt,30,0,8,0,2e50931db731409b953a07763aa835a1,,1254
amulet1,목걸이,amulet,5,0,0,0,4cb9cfb79d7149b6a1f1d59977c212b1,,
ring1,반지,ring,5,0,0,0,bb3a2c46b3ee4b1cb493581aaf6d8ff7,,
