id,prefix,name,stat,min,max,minIlvl,slots
sharp,true,예리한,dmgPct,10,30,1,weapon
cruel,true,잔혹한,dmgPct,31,60,20,weapon
heavy,true,묵직한,dmgFlat,2,6,1,"weapon,ring,amulet,gloves"
sturdy,true,단단한,def,5,15,1,"offhand,helm,armor,gloves,boots,belt"
steel,true,강철의,def,16,40,20,"offhand,helm,armor"
lively,true,활기찬,life,5,15,1,any
vital,true,생명의,life,16,35,18,"helm,armor,belt,amulet,ring"
azure,true,푸른,mana,5,15,1,any
spirit,true,혼령의,minion,5,15,1,"offhand,amulet,helm"
lord,true,군주의,minion,16,30,25,"offhand,amulet"
of_str,false,힘의,str,2,6,1,any
of_dex,false,민첩의,dex,2,6,1,any
of_vit,false,활력의,vit,2,6,1,any
of_ene,false,정신의,ene,2,6,1,any
of_giant,false,거인의,vit,7,15,20,"armor,belt,amulet"
of_hunter,false,사냥꾼의,extract,2,5,1,"helm,amulet,offhand"
of_luck,false,행운의,mf,5,20,1,"ring,amulet,boots,helm"
of_greed,false,탐욕의,gf,10,40,1,any
of_regen,false,재생의,regen,1,3,1,"armor,belt,ring"
searing,true,작열하는,fireDmg,3,9,3,"weapon,ring,amulet"
frosted,true,서리 낀,coldDmg,2,6,3,"weapon,ring,amulet"
charged,true,벼락 깃든,lightDmg,1,14,5,"weapon,ring,amulet"
venomous,true,독 묻은,poisonDmg,6,14,5,"weapon,gloves"
of_flame,false,불막이,fireRes,10,30,1,"offhand,helm,armor,boots,belt,ring,amulet"
of_frost,false,서리막이,coldRes,10,30,1,"offhand,helm,armor,boots,belt,ring,amulet"
of_storm,false,벼락막이,lightRes,10,30,1,"offhand,helm,armor,boots,belt,ring,amulet"
of_venom,false,독막이,poisonRes,10,30,1,"offhand,helm,armor,boots,belt,ring,amulet"
of_ward,false,수호의,allRes,5,15,12,"offhand,helm,armor,amulet,ring"
