id,base,name,mods,special,source
dead_touch,scythe1,망자의 손길,"dmgPct=80,minion=20,life=20","allSkills=1,minionPoison=6",
whisper_branch,staff1,속삭이는 가지,"ene=15,mana=30,dmgPct=40","allSkills=1,curse=25",
ashen_crown,helm1,잿빛 왕관,"def=20,extract=8,mf=25",deploy=1,
shadow_lord_lamp,lamp1,그림자 군주의 등불,"minion=40,ene=10","allSkills=1,shadowCap=1",
gravekeeper_shroud,armor1,무덤지기의 수의,"def=30,vit=10,regen=2",allSkills=1,
black_oath,ring1,검은 맹세,"dmgFlat=8,minion=15,gf=50",deploy=1,
gravequeen_crown,helm1,묘지기의 왕관,"def=15,minion=30,extract=10,allRes=10",allSkills=2,grave_queen
gravequeen_hand,gloves1,여왕의 송장 손,"ias=20,minion=20,poisonDmg=10,leech=4","allSkills=1,minionPoison=10",grave_queen
headsman_chain,belt1,처형인의 사슬,"life=30,str=10,fireRes=25,minion=15",deploy=1,headsman
barg_seal,amulet1,바르그의 인장,"fcr=10,coldRes=25,minion=20,mana=20","allSkills=1,curse=30",skel_captain
high_priest_censer,amulet1,대사제의 향로,"fireDmg=12,fireRes=30,minion=25,fcr=10",allSkills=2,high_priest
sand_veil,armor1,모래 장막,"def=40,allRes=12,life=40,ms=5",shadowCap=1,high_priest
