map,seed,style,corridor,cell,loops,rooms,density,floorTile,roadTile,wallTile,wall,tint,floorArt,roadArt,props,propCount,note
hollow,7,maze,2,4,1,1,,266,,269,ash-cave,1/1/1,ash-cave-floor,,hollow-bone-pile;hollow-gnawed-remains,5,굶주린 굴 — 큰 격자 미로(4칸 간격) · 폭 2칸 길목 · 고리 1 · 빈 방 1
rotmarsh,11,marsh,3,,,,0.33,266,265,269,reed,1/1/1,marsh-floor,ash-road,marsh-rotten-log;marsh-pool;marsh-reeds;marsh-cartwheel,10,썩은 갈대 늪 — 웅덩이(막힘) 사이 좁은 땅길 · 구불구불한 자갈길
execution,21,ruins,2,,,,0.32,266,265,269,ruin-wall,1/1/1,execution-floor,ash-road,execution-platform;execution-pillory;execution-chain-pillar;execution-broken-column,10,무너진 형장 — 두께 2 무너진 담장(틈·ㄱ자)으로 나뉜 마당들 · 돌무더기
gallows,31,forest,2,,,,0.28,266,265,269,treeline,1/1/1,forest-floor,ash-road,forest-gallows;forest-hanging-rope;forest-dead-tree;forest-raven-stump,10,교수대 숲 — 작은 덤불·나무 군락 사이 숲길
crypt1,41,maze,2,5,2,2,,266,,269,crypt,1/1/1,crypt-floor,,crypt-sarcophagus;crypt-bone-urn;crypt-candlestand;crypt-broken-coffin,6,지하 납골당 1층 — 5칸 간격 미로 + 방 (본선 던전)
crypt2,42,maze,2,5,2,2,,266,,269,crypt,1/1/1,crypt-floor,,crypt-sarcophagus;crypt-bone-urn;crypt-candlestand;crypt-broken-coffin,6,지하 납골당 2층
crypt3,43,maze,2,5,2,2,,266,,269,crypt,1/1/1,crypt-floor,,crypt-sarcophagus;crypt-bone-urn;crypt-candlestand;crypt-broken-coffin,6,지하 납골당 3층 (해골 대장 방)
cellar1,51,maze,2,4,1,1,,266,,269,crypt,1/1/1,cellar-floor,,cellar-rotten-barrel;cellar-broken-shelf,4,가라앉은 지하실 1층
cellar2,52,maze,2,4,1,1,,266,,269,crypt,1/1/1,cellar-floor,,cellar-rotten-barrel;cellar-broken-shelf,4,가라앉은 지하실 2층
pit1,61,maze,2,4,1,1,,266,,269,ash-cave,1/1/1,bone-floor,,pit-bone-heap;pit-skull-tower,5,뼈 구덩이 1층
pit2,62,maze,2,4,1,1,,266,,269,ash-cave,1/1/1,bone-floor,,pit-bone-heap;pit-skull-tower,5,뼈 구덩이 2층
cave,71,maze,2,4,2,1,,266,,269,ash-cave,1/1/1,ash-cave-floor,,cave-burial-shroud;cave-stalactite,5,목매단 동굴
town,81,forest,2,,,,0.14,266,265,269,palisade,1/1/1,ash-camp-floor,ash-road,camp-brazier;camp-tent;camp-cart;camp-firewood;camp-weapon-rack,6,잿불 야영지 — 바위로 둘러싼 야영지 · NPC·웨이포인트·출구를 잇는 자갈길 (장애물은 적게)
queentomb,91,ruins,2,,,,0.16,266,265,269,crypt,1/1/1,queen-floor,,queen-throne-sarcophagus;queen-blood-banner;queen-great-candelabra,4,여왕의 무덤 — 무너진 기둥·담장 몇 개만 둔 보스 방
