map,floor,border,road,roads,props
oasis,sand-floor,dune,sandstone-road,0/-1.5/2.2/10;0/1/18/2.2,oasis-pool@8.5/4.4;palm@10.6/4;palm@6.6/5.3;palm@-10.6/-5.4;palm@10.6/-5.4;tent@-9.6/4.4;market-stall@-3/5.4;well@-10.2/-3.2
dunes,sand-floor,dune,dry-ground,-0.5/0/44/2.4,desert-rock@-19.9/9.0;desert-bones@18.9/9.0;palm@-19.9/-10.1;desert-rock@18.9/-10.1;desert-bones@-11.0/9.2;palm@11.0/9.2
canyon,dry-ground,canyon,sandstone-road,-0.5/0/52/2.4,desert-rock@-23.9/11.0;broken-column@-23.9/-12.1;desert-rock@22.9/-12.1;desert-bones@-13.0/11.2;broken-column@13.0/11.2;desert-rock@13.0/-12.1
stormwaste,sand-floor,dune,dry-ground,-0.5/0/52/2.4,wind-stele@-23.9/11.0;desert-bones@-23.9/-12.1;desert-rock@22.9/-12.1;wind-stele@-13.0/11.2;desert-bones@13.0/11.2;desert-rock@13.0/-12.1
sunkenroad,sand-floor,canyon,sandstone-road,-0.5/0/52/2.4,broken-column@-23.9/11.0;wind-stele@-23.9/-12.1;broken-column@22.9/-12.1;desert-rock@-13.0/11.2;wind-stele@13.0/11.2;broken-column@13.0/-12.1
scorpnest1,sand-cave-floor,cave,,,desert-bones@-9.9/-6.1;desert-rock@8.9/-6.1;desert-bones@-6.0/-6.1
scorpnest2,sand-cave-floor,cave,,,desert-bones@-9.9/-6.1;desert-rock@8.9/-6.1;desert-bones@-6.0/-6.1
drywell,well-floor,cave,,,well@-9.9/-6.1;desert-rock@8.9/-6.1;desert-bones@-6.0/-6.1
kingtomb1,tomb-floor,tomb,,,tomb-door@-11.9/-6.1;broken-column@10.9/-6.1;broken-column@-7.0/5.2
kingtomb2,tomb-floor,tomb,,,tomb-door@-11.9/-6.1;broken-column@10.9/-6.1;broken-column@-7.0/5.2
archive,archive-floor,tomb,,,bookshelf@-11.9/-7.1;bookshelf@10.9/-7.1;burnt-paper@-7.0/6.2;bookshelf@7.0/6.2;burnt-paper@-7.0/-7.1
vipernest,viper-floor,cave,,,viper-nest@-11.9/-7.1;desert-bones@10.9/-7.1;viper-nest@-7.0/6.2
temple1,temple-floor,temple,sandstone-road,-0.5/0/36/2.4,temple-column@-15.9/7.0;temple-column@14.9/7.0;temple-column@-15.9/-8.1;temple-column@14.9/-8.1;broken-column@-9.0/7.2
temple2,temple-floor,temple,sandstone-road,-0.5/0/36/2.4,temple-column@-15.9/7.0;temple-column@14.9/7.0;temple-column@-15.9/-8.1;temple-column@14.9/-8.1
temple3,temple-floor,temple,sandstone-road,-0.5/0/36/2.4,temple-column@-15.9/7.0;temple-column@14.9/7.0;temple-column@-15.9/-8.1;temple-column@14.9/-8.1;temple-stairs@-9.0/7.2
sanctum,temple-floor,temple,sandstone-road,-0.5/0/20/2.4,temple-column@0/3.2;temple-column@0/-4.1
