order,id,kind,name,ambient,lightRadius,bgm,wind,crows,spawns,eliteChance,fixed,waypoint,extra,torches
0,town,town,잿불 야영지,0.4,4.5,town,true,false,,0,,camp@-3/1.6,depthgate@3/1.6;npc:ShopKeeper@-2.5/1;npc:Elder@2.5/1,-1.2/1.6;1.2/1.6;0/-1.8
1,map01,field,피 묻은 황무지 (Lv 1~3),0.14,3.6,field,true,true,hellhound:7:1,0,,,,-5.2/1.2;5.2/-1.2
2,rotmarsh,field,썩은 갈대 늪 (Lv 3~5),0.11,3.6,field,true,true,hellhound:4:3;graveworm:6:4,0.05,,,,-5.2/1.2;5.2/-1.2
3,execution,field,무너진 형장 (Lv 5~7),0.11,3.6,field,true,true,ashendead:6:5;corpsecrow:4:6,0.08,,execution@-3.2/-3,,-5.2/1.2;5.2/-1.2
4,gallows,field,교수대 숲 (Lv 6~9),0.09,3.6,gallows,true,true,ashendead:4:7;graveworm:3:7;corpsecrow:4:8,0.15,headsman@4.5/2,,altar:blood_altar@-4.5/2.5,-5.2/1.2;5.2/-1.2
5,crypt1,field,지하 납골당 1층 (Lv 8~10),0.06,3.6,crypt,false,false,skelwarrior:6:8;ashendead:3:8,0.1,,crypt1@-3.2/-3,,-5.2/1.2;5.2/-1.2
6,crypt2,field,지하 납골당 2층 (Lv 9~11),0.05,3.6,crypt,false,false,skelwarrior:5:10;starvedwraith:4:10,0.12,,,,-5.2/1.2;5.2/-1.2
7,crypt3,field,지하 납골당 3층 (Lv 10~12),0.05,3.6,crypt,false,false,skelwarrior:4:11;starvedwraith:5:11,0.15,skelcaptain@4.5/-2,,,-5.2/1.2;5.2/-1.2
8,queentomb,field,여왕의 무덤,0.07,3.6,boss,false,false,,0,gravequeen@3/0,,,-5.2/1.2;5.2/-1.2
9,depth,instance,심도,0.05,3.6,crypt,false,false,,0,,,,-5.2/2.5;5.2/-2.5
