monster,state,frames,delays,loop,clip
jackal,stand,783405e3f74b4458ac8a11f14e528b1c;0708a6c46ea84a3aaebdd5b8580ece37;971e75b47b2a4838a8e4db9660dd5e2d;1af4347ab5104299ad461b3d56c07293,0.16;0.16;0.16;0.16,true,
jackal,move,4098f09799334901b5ae384b0882b8ad;d3c80c70b908405bae1ace63a884a09a;7907ee923aa747a68b93d488a2a890e9;61e7e0e26381464e9864cceca84c0896,0.095;0.095;0.095;0.095,true,
jackal,attack,dd4b1d1a2bb14911b11399385494cd3f;54833f503d8e446fae6d699f87f421ec;f1c77cd9c94c4e3dbfffd8202fc3e6bc;6aa634c1bd5649f1831f3995864009d2,0.095;0.095;0.095;0.095,false,
jackal,hit,16819a6007a54cbf8bf501a68c3f3b13;76eaf447950d4938a66a7a2b85611d49,0.085;0.085,false,
jackal,die,15430ebcabe448f1b2bd42d43cbe8420;ec7d7522c5694d78a9f85c69f77d19ac;10fba7504c2e4dd2aed69a2dc3d7bedb;e85fbbf3b71d4d27a2cf1416699ba60b,0.13;0.13;0.13;0.13,false,
sandscorp,stand,be32bbfb44294963b86fe7a88f09a9ee;896654edaede4422928ec6dd671867cd;066ea76f15ac4e3b83e68d38f8f7d804;bad2bc3f310f4f069c2e7343d1d0a89a,0.16;0.16;0.16;0.16,true,
sandscorp,move,f748aa0ff15f45a7bb54358ba888c108;01a6bb26519e4517a98ada4c6b784b7c;147595f48985487989f4794831e39dc9;8159600be82b48c0b968c13566c05732,0.095;0.095;0.095;0.095,true,
sandscorp,attack,d153c54ee4744601a80277688082858f;49bb913f1cfc42019d20ffd0b1988300;c7a0dbc5656d4a5393705ca4a7376699;412d0c6c181a4a55abe4bccafc84837a,0.095;0.095;0.095;0.095,false,
sandscorp,hit,28705acf1a5043b29e6cc688f19c503f;e07e59f675b64d9da721df7e91c92f84,0.085;0.085,false,
sandscorp,die,691428113f2143bf919ecd1d2a87fcb1;343555db83f34fd6982d33eb077730be;e381a08baf82434683a2eac63404e967;4797ee96816446bfb00ed253daeec573,0.13;0.13;0.13;0.13,false,
firecultist,stand,4b2ab909a921456e86a52b71bca5803c;8c3404d5e61f47318f6a6bd6e60ccdbe;80e4429899324f6ebfd3114ea636dc3f;11f296e86f464c7c995f4aa9732a6372,0.16;0.16;0.16;0.16,true,
firecultist,move,68ce6a8f566d4a7b8bafb89297f57e6f;230b986766a44f1e942682ab00f037d1;e2530b80ee4c4876aba7eb53781436df;a61f76f30ca547e1a38b5cd8a073e7d4,0.095;0.095;0.095;0.095,true,
firecultist,attack,209c945afda448748c1e423d84be9e1e;36a798764ed548fca6ebfbe4627b5d70;c49f1318088447d4828443653fa353e1;92cc88971a584b86aac6707cc320fb0e,0.095;0.095;0.095;0.095,false,
firecultist,hit,8f5f50c6e5c3473aa4131107990454a9;e7144ac541034cda86703476d0b8d539,0.085;0.085,false,
firecultist,die,018fd60676b246dca0cb98158d6cd2d3;99c90d84217e4ccaaa3afd764ac27f3d;c4176dd729bb43e08ced7ead69c13d3f;f7a0e8e2e47c47c888f517e424fe342a,0.13;0.13;0.13;0.13,false,
mummy,stand,056e77b39b044ded85beb60fce943495;384b98cd7fce4828806193732e582d0d;85096a7c7d2846a882b17203388352d5;1c1a5761803e4853aa24226925683b67,0.16;0.16;0.16;0.16,true,
mummy,move,c6ca509879ba4ab489497cb10a71104b;6e986bf7a7004f139b0b9f55db88d445;ca655fe05d094fad88c75f736bb74f65;56653c72973b49d89a3ac9aa81c9c051,0.095;0.095;0.095;0.095,true,
mummy,attack,d6ef4ad73984459d901fb454751c750e;9510430339034833a7675280afe6f3c9;a5fab0155a3f4554a6afc711cac98718;99891267d9964a699c1642eb905de366,0.095;0.095;0.095;0.095,false,
mummy,hit,fb608a0008d9423f835909e56b8b0c63;49b81a668e5f490b89ade3b8de27d148,0.085;0.085,false,
mummy,die,e8c46444b3dd49ffa3e9c99f4944ef81;2529c03e7b414e64b1391e115667d498;bcf927bad70045b7bf0664544f978819;edbfe629f8524c30995390f5deb696d4,0.13;0.13;0.13;0.13,false,
sandwraith,stand,b35759a4bb99422e86506b90ae90dc49;2bc358bf687646cd9f393492441c15f1;284ab56415ed475d9007a17dd9b42c79;336637bd9bbc467691cf839f1ea6c390,0.16;0.16;0.16;0.16,true,
sandwraith,move,03b568ffbe924f46831740c8f11425b6;7c61a7daf8284ef6a073293d6b2e06f3;664477027f404beca8a615cabbc2a0d5;b1f9da5975a748f48558d3c74a1d225c,0.095;0.095;0.095;0.095,true,
sandwraith,attack,2d8ba5c1a46e4d7ca959c4fce71be3fa;a02b9ca953074ba8bcdeeab28c14c094;062a9729960a4b48bcfd96391bd6c25d;5f64041f2b8e48fd8870ba6543b2f05e,0.095;0.095;0.095;0.095,false,
sandwraith,hit,e7d866b1820d4b22b5cbd70b4ee63754;30d318d963344ceb8bfaf8188b8e63de,0.085;0.085,false,
sandwraith,die,e60ece40b0c14eb2ac088347435310ee;3d6bd14f7d524c7a8d8d4db640271dbe;939ae3bc0a1a4f648257d261313b4c2b;f403b1854ebe4c76a9b92ce625263fd0,0.13;0.13;0.13;0.13,false,
scarabs,stand,2366f975f5c04133a716b395ecd6293d;c7a03f96efe641f2882f96ea8b975248;4c64405054894d7496c86483540c5e2c;ff981d647ebf4e9aa22f6ed7bde2b992,0.16;0.16;0.16;0.16,true,
scarabs,move,136be5dcb4ce455eb3d1790da83a4254;b212ed7fc8264c799780d702cd81ee62;5acd4f4bd140476f9cda8aa9d531ddae;c8f83b102c38425291980f0531faf5c5,0.095;0.095;0.095;0.095,true,
scarabs,attack,2cb0374a50064ace8256dc6e97172b97;ecaf9ecf7b1b4e3aa7d8deb581122338;d4ee9f754fe0427499e20fde900904e0;35b48051f07c48f7bb28e66accc63764,0.095;0.095;0.095;0.095,false,
scarabs,hit,7155867525cf45daa51a70713f9071bd;7807c986e8d342eaa5bd7c8c0ca13623,0.085;0.085,false,
scarabs,die,1664c0cbc4f24f14bbd532a723c2b6df;f11c683f8f674f70ac9e84616925a7ea;df831909fedc4d4eb0af44145fa247c6;e7b0b7adbb59470ba5e7b310a7b06ce1,0.13;0.13;0.13;0.13,false,
serka,stand,b1d46ec55f3f4ed29127516504066c3f;d3550aee40df43c9ba07a4f11a15f4d5;c7422dd9eaf24a01a6132165c67c3f13;e0cb5b9ae515423e914149ef24ff6372,0.16;0.16;0.16;0.16,true,
serka,move,30df2bcb26b04e6e9ed42959c51e6011;0350f5df5e7f4e408ebbc77b5a7c9f2c;3555e547ace3472bb5aeece958f63a72;434741dab7934966a98a4c6b3e589943,0.095;0.095;0.095;0.095,true,
serka,attack,b4497d3ac2804a63a8303d6641e96b73;f9c41766cd004607a3acf07051620f9c;0ef2a1b007e64314bc727fdda5993e80;5ca2b4d50a064f48b68cdf859fc1d35d,0.095;0.095;0.095;0.095,false,
serka,hit,729219e6441c4f208cadbc6d9b722642;5452dee23ee5410181c616d3c582a115,0.085;0.085,false,
serka,die,e93557dca30e4becbfe1dd59f2062047;682a6233b81744b587a9451df0fcd8fe;c91ad2ed6c444433883f43362cebef66;72f1eb743f7740b7958a16bb8be05f1c,0.13;0.13;0.13;0.13,false,
templeguard,stand,2eda42596bf143128ac0598c29e46dcb;5bab9bd9ea8b4168b7f99a3456296b2e;59a216dd20a346c9a8df73b2454563d3;885c6a93c8914e028a85d9ce77af4335,0.16;0.16;0.16;0.16,true,
templeguard,move,acc6a450b87a48e095e31c55b158802f;ced5993aa71f4c7482a39b959c68e82a;539bb24b78da44bc8b7710647a626567;e7f6e1f6d1d8472eb90eb5eed3c6010a,0.095;0.095;0.095;0.095,true,
templeguard,attack,097597bcb462452f88370a4ecf431d3b;07cafeb710cd43c49d923a5966162c2a;2df61dca51144108b781c2937f4949fb;eed67dbe354947adb80d3a4912dbd57c,0.095;0.095;0.095;0.095,false,
templeguard,hit,91bff10f898b4e4282314f016150450e;c83f5a6fbb8f4fe5a39461da5d1d7bd1,0.085;0.085,false,
templeguard,die,e0dd6ac6f4ec45d6b67a46f194aa63f2;f5f70970ad6541708f7d09226a8b0a4f;a064848a41364ae2848e762e7350c6b1;c1aaf3df08484c3cb6e576ca7a812a2d,0.13;0.13;0.13;0.13,false,
tombking,stand,a866c3b95a864ef7984ee5d1542e6799;30d5610a86254df1b294ccf408d0171c;a3940e8c7935415fa9e6944963ed3544;493bfa857c474722be80586f00ff02c8,0.16;0.16;0.16;0.16,true,
tombking,move,ba275414045b432b882aadc49cbfd8e0;603f046738434913ba3ff7a81e1d9b80;d9e3ca39250e40e7a932cb17d615ceea;cd704f39781649c5a88bbe30a632f311,0.095;0.095;0.095;0.095,true,
tombking,attack,f24406fa88074d45a78c2482cfce9ce7;084d5cb8c9914a44b2374972f8eac44e;2e2a2436674143ab9b4f292b426a2c6f;c91f1522e3dc4998aeb8a96eb0178b87,0.095;0.095;0.095;0.095,false,
tombking,hit,6f3ad357fb8a496d8c83e33c9546ea2e;444ca57255e6406e9a7f5464ca261a23,0.085;0.085,false,
tombking,die,ede5576055f74b2f94eb8a357eaafd6e;be1bd76ad3ae46d9ad7a87b9d10a89bd;29c5829249e4404a8144115396c3e41d;45e757dba74a4b9d9e6199c9ce884faa,0.13;0.13;0.13;0.13,false,
librarian,stand,40c7248cf85141f69ca172bb34f8d928;6c5bd0c8808943a3bd32d051dc97b56d;e9b0fb98bff54fa1a989a7ab54608602;d4c534b6be5448889fb68b9290f9c181,0.16;0.16;0.16;0.16,true,
librarian,move,a46e25f36fe3481281c1e9aae0567900;34152f3034c64b2980a3865b8fbcef37;daeef9cbbae648ffb0c4944e810f3137;41a63d83a12d40e5a6d6dca473e5c779,0.095;0.095;0.095;0.095,true,
librarian,attack,dad50ae2b50741a3bdce1eabfca57a27;97fe0966e1ee46e081afbe084728fab2;76dc0df0bf9040ad9560692733200cf5;dae2879b730a4f60b94f3f7f2f48aaff,0.095;0.095;0.095;0.095,false,
librarian,hit,166131b2854641ffaeb11e0f0cf12535;b29cb169c6f64f1bab0311ee1b817e6c,0.085;0.085,false,
librarian,die,31098347455640de82848cfc372bfc80;882a0826ac0c40ccba32b3c8476fa08e;3e0756231f724e6bbf05470110557d66;8ab276dd13134da28589f87c6ce938a4,0.13;0.13;0.13;0.13,false,
gatebrother,stand,48684bb30a1e4375b96cfd9023864f37;3a4aefc6591b45ba81cd06f8222c5e6f;8a1c1cd149fd45d39bbd7413191cdee8;5088495752164c29ada26cfd0d19255e,0.16;0.16;0.16;0.16,true,
gatebrother,move,ecf60de7a15f4550bd0e871f2366c766;92df4fe69c5b4bc6ab798bc00471ea24;6420bc51ebd94b69a65547e64749b5a0;6b10caf4938f4bac84968e195206dcaa,0.095;0.095;0.095;0.095,true,
gatebrother,attack,bfdc9e74eeec41c48494de8fcaa22988;93457b6877874f74bd0893c59f4a19c6;6bbe3f95fd274173bb63007cfa4b3011;5dce1836600b4f039dab13f3392e8949,0.095;0.095;0.095;0.095,false,
gatebrother,hit,367475c8baa8426e93ef4633e15343df;b96eddf3903d4f519bbfcba261e3766b,0.085;0.085,false,
gatebrother,die,10a0748a56154301b360813245cbffa0;4fb02109c5014d65abc3f15c638ecd18;3750fe8c60c44ea9a2b1e60fc8fa662f;3fd4cb6affa0440b8d2538cbd238e523,0.13;0.13;0.13;0.13,false,
gatebrother2,stand,a35aefdb3e43408d9af7afd9f9d61afa;e7fe0b55597548cfb299a7157975b896;d63e08e9b8e04efcaca97e12f873ecd3;3107a33f6425490ca71057aea32faeb3,0.16;0.16;0.16;0.16,true,
gatebrother2,move,d6a49896761c417cb4195e9af3994c69;1aa848df665b47acbabbbfc01a227f6e;8cdc4d9ecaee4d22abaf881fa2762b5a;dc268b155aad4c5b8e2b2375a26ee45f,0.095;0.095;0.095;0.095,true,
gatebrother2,attack,c4f7a938d8a3402ab4ca95b6130b4ac0;5800874f17d24ed9aeec2563c5ad8fd1;320c2bb92aa44ae28cb7a74891c01c66;da8cf9be67544bcb96a62e7c0a89a893,0.095;0.095;0.095;0.095,false,
gatebrother2,hit,8ffe0be7fe254b359ce3375e9a4c05fe;fc76b06725234cbfbe524504515f5ba2,0.085;0.085,false,
gatebrother2,die,e012499833ae427a9965ee781fb595f7;9e51a2f74e91421aa023252d443a9805;7cce10e49faa4dd788eb7b666a582bd6;9c1725e1e59b4e3bb9333cf58cf91124,0.13;0.13;0.13;0.13,false,
highpriest,stand,2675982526944f91ae8652c6fa6515a0;bb608d18cc5f428999f16437212beb11;0b1e7b266bae4aaf9482634fbbf167c9;3231354975f44d5c9f8036fcb5cb8d5d,0.16;0.16;0.16;0.16,true,
highpriest,move,ceaac025d21b46e9836c12a540b37596;7c26809fe85642eeaadf2eb2043cfb53;10525aaf1219459cb3a33adf8492c17b;41ed1c11764643feb8a80510a7bc788e,0.095;0.095;0.095;0.095,true,
highpriest,attack,3418e5400b4f4a1fa86aa9cd4ff22206;cfea5ec598f44d6e8301de1da71e611f;ed16b7dfa83746fab6eccc5e7c839dd6;6a53ebdb2a054542a537e08b2346c92b,0.095;0.095;0.095;0.095,false,
highpriest,hit,d826727487ae4fc1a8c98890c50a7a61;acb98641b2864339a5cc22b51e2448b2,0.085;0.085,false,
highpriest,die,afdc8b8e56aa460a99300babd71dcce2;3919ae3ad6174f11825cc12b86df9a89;ef17c5cae2314a9f97b3022e4a79884b;92af0c48c70b42d0afd3a8c2b77b152d,0.13;0.13;0.13;0.13,false,
morg,stand,77256106c61748f69cee53d50cda6e84;d2ddfe6339b44b449dcdbee3494c570c;c9cd6500a00944e795ecb997ee032c26;07c698fe91394230bd2cc0a7c6a006fb,0.16;0.16;0.16;0.16,true,
morg,move,6526f7f926f84ebfb37023fbd4d4ad97;a4929f57820941768556fb4746c82d2e;50f95b4750fb4024a5d6ebe13d893750;663612d9ba944069bec02a8aa8ca0a03,0.095;0.095;0.095;0.095,true,
morg,attack,4dca11aeb2ea4f5ab2cebcfcf6097f43;b9cd73bc8e65465b922f9c6b3d4ac5eb;9f99713aa6954c928ad8d3318927c917;701798eea69f4a48a3ba6b48122347cb,0.095;0.095;0.095;0.095,false,
morg,hit,e1051238f3f7404a8fdc1f03b1632bcb;bb550753236044679270d896f27c7e84,0.085;0.085,false,
morg,die,74ab9572b2594c8cb70e27dfa7ef71a8;a0f2f59e6945417e82b96bcaa34ebeea;d039ad546d5a4b248c32544d5df25a3b;1cfcc508c89a4693b73ceef3b7c07c9d,0.13;0.13;0.13;0.13,false,
relickeeper,stand,3ccfd364c1924f178e88d9da68b9b7e8;f76e295cecfc42d881a541c3fca4d05b;7bf76d20cc65475489b25086d04e7e57;4b62520c083d4370b119ad5c30959bcb,0.16;0.16;0.16;0.16,true,
relickeeper,move,d4ccfd73b3f341e18995e7b6066a4691;a57d1e9354da40bcb76ce00f37adfff4;9f2763692f174ec8bbd4fdfb7c69d3e0;03f07c9e06334f4d8c4cfcaec47adb18,0.095;0.095;0.095;0.095,true,
relickeeper,attack,4bc375be7bb54be8b0526003b4fbd2ca;5b7239ef7bc445268d29619744b96c83;d9fc02fc56d144a5b057e9d563a80dd7;db8576a29dd943c7bb147ab7342a8b15,0.095;0.095;0.095;0.095,false,
relickeeper,hit,6724661c6fc0469fbac7f7164782f811;b9ef6354a7054bcdab7bae28e30fd44a,0.085;0.085,false,
relickeeper,die,c8ef2542ddda4509815dfa0b65117cf4;4e16527ea5d747cca5f8057b07461030;b1d9c57ba9124e8f9762024f72f909bc;ddece4dd58de4ca2a75f0c2ca19cd12f,0.13;0.13;0.13;0.13,false,
bloodpriest,stand,55578fa742dc4bf1b1cd980dcd12073f;282a067bc8c44115ade6efb945ba5acd;2b29a4eef21d4d1b856d28b105192aa3;2962db1914064b86ab6a209a439f4b04,0.16;0.16;0.16;0.16,true,
bloodpriest,move,29ceabe040884d3bb358f5b6273acdd6;97f9316adde349fbac54ad396637c026;e55839c263504d999d7b1b23a4a00d45;8439288e88594bf885e7b1f01fe10f96,0.095;0.095;0.095;0.095,true,
bloodpriest,attack,0693f07e0c414946b2cdd09d5bf196ae;4a070b34856942788d1da1c05b2fa6e4;83dbeba9f4b144a5839f002991470ead;5cba50f64a0848ffaee6784b0e6c785c,0.095;0.095;0.095;0.095,false,
bloodpriest,hit,969469a179b64121848b2f4b86532790;eae727581d2b4c5fba133f2e84889087,0.085;0.085,false,
bloodpriest,die,658dea6f35154e71a184845811e645e1;efbf9d34cbac400e96187a5cb7607e5e;49ced1eb3da54f118904e1ecc2ecb2e0;1905a45b79104a06927a264f6c1c1e31,0.13;0.13;0.13;0.13,false,
highpriest,cast,b66b50c798174994b754fadd4b46c232;3c60187a23c24b308cf8f8deb2558370;d9da20a6b1304406a99b70cfe93c0da6;a7a0daa3edcc436ebae2958c9b23b47b,0.095;0.095;0.095;0.095,false,
