id,region,model,sourceId,name,baseLevel,baseHp,baseDmg,atkIntervalSec,def,speed,tint,w,h,scale,grade,unique,respawn,resists,element,elementRatio,behavior,stand,move,hit,die,attack,depth,hitW,hitH,attackRange,innate
hellhound,1,Hellhound,hellhound,지옥견,1,60,5,1.5,0,1.5,"0.75,0.35,0.3",92,54,1,1,false,10,fire=50,fire,0.5,,c436866a4cda4f7b8614d2f0a6b36ae5,d436b59499404682aebbb64fbb610a98,424abd9baa8741e785a2a0aedd403fab,daa03ac34f7a4c1d84c09a24ff7f92a3,15147adffddd4da9908d2108951ae405,pool,,,,
graveworm,1,GraveWorm,graveworm,무덤 구더기,1,75,5,1.5,0,0.8,"0.6,0.7,0.5",60,53,1,1,false,10,poison=75,,0,burrow,2eccc104f9114701b2bac18a8d7f3845,f5f4d35b8e7f4c6599b6598ec1023c5a,34b90d154fe64195b77ea771c9f9010c,38e5aa08fddd49d48cd9ee99124d3d22,,pool,,,,
ashendead,1,AshenDead,ashen_dead,잿빛 망자병,1,105,7,1.5,0,1.0,"0.6,0.58,0.55",56,92,1,1,false,10,"poison=40,cold=20",,0,,9c27b5511689485ab1b3381a00fcfec6,3799c5aea9dc45b09057cd1adba0e913,c9502f5bc1894ee690656ccf404a8ae0,9f235b8f73024ce3b75ce592dd61b43e,729193316d524a0eb642261bd9d78584,pool,,,,
corpsecrow,1,CorpseCrow,corpse_crow,시체 까마귀,1,55,6,1.5,0,1.8,"0.45,0.4,0.5",66,53,1,1,false,10,,,0,hitrun,5f1a018ca946468a8d3a6dac0d9c4ba8,a408d61514e9476c933bdef0e9e2d0d2,4ab7ee78da154771bf0097cbc96008ae,f387a5eebde64a9d9baafa012cb454b2,,pool,,,,
skelwarrior,1,SkelWarrior,skel_warrior,해골 전사,1,135,9,1.5,0,1.1,"0.8,0.75,0.65",84,87,1,1,false,10,"poison=60,cold=30",,0,,0f7660bf15a14a379657c4f35fe10fd0,d247c52315634dba95e5956ca057d06b,ce9e7bef3c554fa8a6e97e9f5dc1a429,9b6c189cca0c4204a7a4ac6e9463ecb0,9d5d21845a534917b1af1ee368e2dd08,pool,,,,
starvedwraith,1,StarvedWraith,starved_wraith,굶주린 악령,1,105,10,1.5,0,1.6,"0.55,0.75,0.65",72,60,1,1,false,10,"cold=60,magic=30",cold,0.6,,15e7b98cec434b269c09e97f550921c3,2f11969b1f694825ac8ad13635711c5b,23a95f12278c491bb7358ca69540c206,e8b502ac4eb14d348eaf516273761e8b,,pool,,,,
fallenimp,1,FallenImp,fallen_imp,타락 꼬마악마,1,55,4,1.3,0,1.6,"0.85,0.55,0.5",82,96,0.8,1,false,10,fire=25,fire,0.3,coward,ef42dfed19e4484e976c8595c7a7b697,e84fa95d0cc74a5a964639f1f8818285,7ccf8f45ef2b4849ac305c970f5524b2,68fda42113064c49af71b02bffac0f22,0720ea7d266042d58720a12ab084eb0d,pool,,,,
rotzombie,1,RotZombie,rot_zombie,썩은 좀비,3,165,9,2.0,0,0.6,"0.6,0.7,0.55",64,92,1,1,false,10,"poison=50,cold=25",,0,,37bd3ffa840f4558a179db705941b684,d5f67f8282954a2b87e2dc00fed0fe16,0a6e44cfa31b4da0890d2926cf8ebb16,2791ef817267473bbe413b8dd157bc43,45206ab461ee40869ade8cefdfe58349,pool,,,,
cultarcher,1,CultArcher,cult_archer,광신 궁수,5,83,8,1.8,0,1.1,"0.7,0.65,0.75",162,168,0.6,1,false,10,"cold=20,light=20",,0,ranged,942e17f037ac44609042a04ee3ddeb8d,15f4d164a9ae4620b0548a288ef6df46,fc7f88891f6f447790d452b3f615589a,316e4774defb4029a1ae95a229c7d3a7,2dbbc54d8f734120bcfc1ee097327f58,pool,,,3.5,
broodspider,1,BroodSpider,brood_spider,무덤 새끼거미,7,68,7,1.2,0,1.9,"0.55,0.6,0.5",52,52,1.1,1,false,10,poison=50,poison,0.5,,a5f2b2080ee0421e844de84765a70ca6,871a8cc07f2441c5a5e77d6b0f639f66,4c5e0c1001f049e0a787d34dcd7179be,fe34d5889cf841358c52982c9e17e4e2,ddf00455b8174dbabc0dce05fddaea92,pool,,,,
headsman,1,Headsman,headsman,목 없는 처형인,1,900,14,1.5,0,1.2,"0.7,0.3,0.3",65,92,1.2,2,true,90,"fire=40,poison=30",fire,0.4,,c68c66cc812e4e4aa9a6f1ffcdc48985,924e249ccb8747dbbe548dc5af908c4f,a9f9b95d39094e9aab7571b6d29f1788,883de94d1aa3471ab3ba3dbba36d6e5a,a6dc470643f741c288b2d7bbf9a1aeeb,every10,,,,aura_might
skelcaptain,1,SkelCaptain,skel_captain,납골당 지휘관 바르그,1,1200,16,1.5,0,1.0,"0.75,0.65,0.5",120,133,1,2,true,90,"poison=75,cold=40",cold,0.4,,ed882269a5d543318ad73e7032632960,94003c3d90dd4fd4866c725b29704169,fcdeaaece999433587fd7a953758ae8e,2d11a182fb8948aa91fa9000118eb9bf,791b405fbab44bf1a914043ca29a1848,every5,,,,aura_guard
gravequeen,1,GraveQueen,grave_queen,묘지기 여왕,12,3900,18,1.5,0,1.0,"0.8,0.55,0.6",300,496,0.55,3,true,120,"poison=60,fire=25",poison,0.5,,f4a4aadb84bb4060af45a7ad23f189e5,a97b63a93e6b4be2a6158acc573126bc,61e3b8af00bb47a9ac50df853853b57b,8628466afef941048f19d6c1d699f83d,6bd87ca65e864cf98162f51d2f61efda,,1.6,2.4,1.2,skill_slam
bonenest,1,BoneNest,bone_nest,뼈 둥지,1,110,1,99,0,0.01,"0.85,0.8,0.75",224,116,0.9,2,false,-1,poison=50,,0,nest,bf49bc6d9db64fbc97131e41046959bc,bf49bc6d9db64fbc97131e41046959bc,bf49bc6d9db64fbc97131e41046959bc,bf49bc6d9db64fbc97131e41046959bc,,,1.4,0.7,,
jackal,2,Jackal,jackal,사막 자칼,1,55,6,1.2,0,2.0,"0.9,0.75,0.5",80,52,1.15,1,false,10,fire=20,,0,,180fcf49fe43499198144ecb8f20cd97,014640e2fd504254b9bf23ce61344505,8b53deb7cd934f74b9e89a3c511c6c95,3a893513f4bf4964bc5dce04c839adaa,,pool,,,,
sandscorp,2,SandScorp,sand_scorp,모래 전갈,1,150,8,1.6,0,0.9,"0.95,0.8,0.55",122,92,0.75,1,false,10,"poison=50,fire=25",poison,0.5,,fd431a8e89a2428a80180ba01d4da50e,a2008b5c01c74f9cb868b1806ccbf92f,34ef6e89fee441da823406688cf923c7,4eaa1312b71b4056ac664d9c7198d02f,481276dd1c594ea5a8f1ce3aed7b54c2,pool,,,,
firecultist,2,FireCultist,fire_cultist,불꽃 사도,1,75,9,2.0,0,1.0,"1,0.75,0.6",87,145,0.6,1,false,10,fire=75,fire,1,ranged,ccb03b727a55479694ebb623fcffd462,5eb90e3d30004013b6521e166afdf75d,089bb25502bf46f4aea1446445890aaa,bd4a693596f64e93be1210d0718e0f3e,61e2743b77944feb8ed2aa6bb162a25d,pool,,,3.8,
mummy,2,Mummy,sand_mummy,모래 미라,1,175,10,1.9,0,0.65,"0.95,0.9,0.75",69,85,1.15,1,false,10,"poison=40,cold=25",,0,,01d056db2403481b8e06f4214f692e5c,05f32c98dd5e44e18e75ea5623df43e1,dd24840cd0b84f3ab91a7c1b9e4d8600,1dbba58e09214f64b8685bcef777c99b,9b8b910eacc142e1adef2652e7c0df8d,pool,,,,
sandwraith,2,SandWraith,sand_wraith,모래 망령,1,100,9,1.5,0,1.3,"0.95,0.85,0.6",42,45,1.9,1,false,10,"cold=40,magic=30",cold,0.4,phase,e8ae083a1ee948c78c7f2aaa1889a153,248d2c4adc65485fb4b47f51a6f6d4a1,648c1bdfdf32457e83397b29cb0358ff,a507fe0f27a246469ff7bab9681f8820,,pool,,,,
scarabs,2,Scarab,scarab,풍뎅이,1,32,4,1.0,0,1.8,"0.6,0.9,0.85",84,116,0.5,1,false,10,light=25,light,0.3,,ad3966ec15874a33b36c402a61cccc98,2d2ae15349d14982ab27d5237199977c,e63e8188a2da40999e17965946f41851,2463684e799d422aa52e537c4b01062f,2858eed3feb44a44b72348a384b168d0,pool,,,,
templeguard,2,TempleGuard,temple_guard,사원 수호상,1,260,12,2.2,0,0.55,"1,0.88,0.65",179,159,0.75,2,false,10,"fire=30,cold=30,poison=60",,0,,23761b84fca14bbfa671436791e4e0bb,736ecda03d4444dea5f9089c02c54eb2,9c7b36710c8542ac8aa2e93a43bee8fb,871de25edc28418c8fbfef5ea416f2d4,28e55e44b6e34646b37f2fafef14a093,pool,,,,
serka,2,Serka,serka,독침 여왕 세르카,1,900,11,1.4,0,1.0,"0.55,1,0.45",122,92,1.25,2,true,90,"poison=75,fire=25",poison,0.6,,fd431a8e89a2428a80180ba01d4da50e,a2008b5c01c74f9cb868b1806ccbf92f,34ef6e89fee441da823406688cf923c7,4eaa1312b71b4056ac664d9c7198d02f,481276dd1c594ea5a8f1ce3aed7b54c2,,,,,
tombking,2,TombKing,tomb_king,묘실 수호왕,1,1050,13,1.8,0,0.75,"1,0.8,0.35",69,85,1.7,2,true,90,"poison=50,cold=40",,0,,01d056db2403481b8e06f4214f692e5c,05f32c98dd5e44e18e75ea5623df43e1,dd24840cd0b84f3ab91a7c1b9e4d8600,1dbba58e09214f64b8685bcef777c99b,9b8b910eacc142e1adef2652e7c0df8d,,,,,
librarian,2,Librarian,fire_librarian,서고의 불꽃 사서,1,600,10,2.0,0,0.9,"1,0.45,0.25",87,145,0.85,2,true,90,"fire=75,light=30",fire,1,ranged,ccb03b727a55479694ebb623fcffd462,5eb90e3d30004013b6521e166afdf75d,089bb25502bf46f4aea1446445890aaa,bd4a693596f64e93be1210d0718e0f3e,61e2743b77944feb8ed2aa6bb162a25d,,,,4.2,
