id,name,weapon,armor,lamp,minLevel,dropWeight,icon
r_as,아스,dmgPct=15,def=15,mana=10,1,10,
r_mir,미르,mana=8,mana=12,ene=3,1,10,
r_keil,케일,coldDmg=5,coldRes=20,minion=4,1,10,
r_nod,노드,dmgFlat=3,def=10,minion=4,1,10,
r_baen,바엔,fireDmg=6,fireRes=20,minion=4,1,10,
r_ruk,루크,lightDmg=7,lightRes=20,minion=4,1,10,
r_seb,세브,poisonDmg=10,poisonRes=20,minion=4,1,10,
r_ireun,이른,life=6,life=15,extract=2,1,10,
r_drak,드락,"dmgPct=10,leech=4",regen=3,minion=5,20,4,
r_wen,웬,dmgPct=10,ms=10,minion=5,20,4,
r_hawin,하윈,mf=15,mf=10,gf=20,20,4,
r_kura,쿠라,minion=8,minion=8,minion=5,20,4,
r_zel,젤,dmgPct=8,def=20,minion=6,20,4,
r_mor,모르,dmgFlat=10,def=20,curse=20,20,4,
r_tab,타브,dmgPct=15,def=25,minion=10,20,4,
r_yel,옐,mana=15,mana=20,ene=8,20,4,
r_nox,녹스,dmgPct=20,def=40,curse=25,45,1.5,
r_kan,칸,dmgPct=25,def=50,minion=10,45,1.5,
r_sel,셀,minion=10,minion=10,minion=10,45,1.5,
r_ur,우르,extract=5,minion=8,extract=5,45,1.5,
r_xil,크실,dmgFlat=20,life=40,minion=4,45,1.5,
r_ab,아브,dmgPct=40,def=80,minion=8,65,0.3,
r_rev,레브,minion=15,life=60,minion=15,65,0.3,
r_obl,오블,dmgPct=40,"str=10,dex=10,vit=10,ene=10",minion=20,65,0.3,
