key,name,price,pricePerLevel,hpPct,manaPct,hpFlat,manaFlat,kind,tier,minLevel,icon,note
hp,생명 물약,25,0,0,0,0,0,hp,0,1,234aca1a4ce946119b68e3717991e775,상점 버튼 — 레벨에 맞는 등급(hp1~3)을 판다
mp,마나 물약,25,0,0,0,0,0,mp,0,1,7e9b39b73f4945b1a8d77db6c99a6946,상점 버튼 — 레벨에 맞는 등급(mp1~3)을 판다
hp1,하급 생명 물약,25,0,0,0,60,0,hp,1,1,234aca1a4ce946119b68e3717991e775,빨간 포션 · 저급 사냥터(몬스터 Lv1~9)
hp2,중급 생명 물약,70,0,0,0,150,0,hp,2,10,2debf574d6d04f7083e980dbc8f462d9,주황 포션 · Lv10~29
hp3,고급 생명 물약,180,0,0,0,360,0,hp,3,30,289c7bdcbdc8484ab7bad688b2519ca7,하얀 포션 · Lv30+
mp1,하급 마나 물약,25,0,0,0,0,40,mp,1,1,7e9b39b73f4945b1a8d77db6c99a6946,파란 포션
mp2,중급 마나 물약,70,0,0,0,0,90,mp,2,10,3b778fe9d0b64a52a038b1c72cb58454,마나 엘릭서
mp3,고급 마나 물약,180,0,0,0,0,220,mp,3,30,2f9d856f316f476bb5adf13ecf9f93c6,큰 마나 엘릭서
rv,회복 물약,120,0,35,35,0,0,rv,1,1,60538a9f27134b1c89cad56d3acda17c,생명·마나 35%씩
tp,귀환 두루마리,40,0,0,0,0,0,tp,0,1,2b7a59d71ba142b6a6dd66aa8f8dbe73,벨트 칸에 넣어 사용
gamble,도박,150,30,0,0,0,0,gamble,0,1,,무작위 마법 이상 장비 (가격 = price + pricePerLevel × 레벨)
