id,name,tree,row,kind,prereq,maxLv,mana,cooldown,impl,desc
shadow_summon,그림자 소환,command,1,active,,20,0,0,true,보관함의 그림자를 소환한다 (Z)
extract_mastery,추출 숙련,command,1,passive,,20,0,0,true,혼 추출 확률 +1.5%/레벨
rally,집결,command,6,active,shadow_summon,20,0,0,true,소환수 전원을 곁으로 부른다 (C)
command_mastery,군령 숙련,command,12,passive,extract_mastery,20,0,0,true,소환수 공격력·생명 +8%/레벨
deploy_expand,배치 확장,command,18,passive,command_mastery,20,0,0,true,배치 한도 +1 (1·8·16레벨)
soul_bond,혼 결속,command,24,aura,command_mastery,20,0,0,false,"소환수 저항 증가, 피해 일부 분담"
elite_promote,정예 승격,command,30,active,deploy_expand,20,30,20,true,가장 강한 소환수 1기를 정예로 (능력치 ×1.5)
shadow_sacrifice,그림자 희생,command,36,active,elite_promote,20,10,10,false,그림자를 소모해 피해 증가
revive,되살림,command,42,active,command_mastery,20,40,30,false,처치한 정예를 20초간 부활
command_aura,호령,command,50,aura,soul_bond,20,0,0,false,아군 공격력·이동 속도 증가
bone_shard,골편 투척,soul,1,active,,20,4,0.5,true,커서 방향으로 뼛조각을 꿰뚫어 날린다
poison_mist,독안개,soul,6,active,bone_shard,20,8,3,true,"커서 위치에 독안개, 4초간 지속 피해"
corpse_blast,망자 폭쇄,soul,12,active,bone_shard,20,10,1,true,커서 근처의 혼을 터뜨려 범위 피해 (추출 대신 소모)
bone_prison,골격 감옥,soul,18,active,corpse_blast,20,12,8,false,뼈 장벽으로 이동 제한
soul_drain,혼 흡수,soul,24,active,poison_mist,20,12,4,true,대상의 생명을 흡수해 자신과 소환수 회복
poison_spread,독 확산,soul,30,passive,poison_mist,20,0,0,false,독 걸린 적 사망 시 확산
bone_storm,뼈 폭풍,soul,36,active,bone_prison,20,20,12,true,6초간 주위를 도는 뼈가 적을 벤다
soul_torrent,영혼 격류,soul,42,active,soul_drain,20,25,6,false,유도 영혼 다수 발사
death_wave,죽음의 파동,soul,50,active,bone_storm,20,40,15,false,전방위 대형 파동
mark_weakness,약화의 낙인,curse,1,curse,,20,6,1,true,"범위의 적이 받는 피해 +30% (+3%/레벨), 8초"
enfeeble,쇠약,curse,6,curse,mark_weakness,20,6,1,true,"범위의 적 공격력 -35%, 8초"
thorn_curse,가시 저주,curse,12,curse,enfeeble,20,8,1,false,적이 준 피해 일부 반사
terror,공포,curse,18,curse,enfeeble,20,8,1,false,적을 도망치게 함
confusion,혼란,curse,24,curse,terror,20,10,1,false,적이 서로 공격
life_tap,생명 약탈,curse,30,curse,mark_weakness,20,10,1,false,공격 시 생명 회복
lure,유인,curse,36,curse,confusion,20,10,1,false,적을 한곳에 모음
decay,쇠퇴,curse,42,curse,thorn_curse,20,12,1,false,속도·피해 대폭 감소
resist_break,저항 붕괴,curse,50,curse,decay,20,14,1,false,모든 저항 감소
