key,ruid,note
town,93147bcf77494841b8d4478791ed9282,BGM EveningPrimrose (그림자 마을)
field,8efc5a3200114606a71e907036fe920f,BGM HeavyRain
gallows,9ae18480bcc848c496263c4b057f8e6e,BGM GraveyardOfSword
crypt,fec06ea8a4a943279acfdba9a1f3a1f8,BGM Diffraction (고통의 미궁)
boss,2a0257f832ee4a7c84c0a8efc9aa5bba,BGM AgainstTheDark
oasis,2dd03c76b331416bbf9752f6a897988e,BGM 아리안트 마을 (오아시스 시장)
desert,b61f3fa5871841ba9a44ac7681f86817,BGM 니할 사막 (뜨거운 사막·메마른 사막)
ruins,cc16343374894dd49ad90233a394c78d,BGM 고대 유적지 (가라앉은 대로·사원)
sandcave,7586bf26fa90474fa04bf5d4204c30ce,BGM 사막동굴 (액트 2 곁가지)
