key,name,note
dmgPct,피해 %,무기 피해 비율
dmgFlat,피해,고정 피해
def,방어,
life,생명,
mana,마나,
str,힘,
dex,민첩,
vit,활력,
ene,정신,
minion,소환수 능력치 %,그림자 공격·생명
extract,추출 확률 %,
mf,아이템 발견 %,
gf,골드 발견 %,
regen,생명 재생,초당
leech,생명력 흡수 %,
ms,이동 속도 %,
deploy,배치 한도,최대 +2
curse,저주 범위 %,
minionPoison,소환수 독 피해,
fireDmg,화염 피해,
coldDmg,냉기 피해,적중 시 냉각
lightDmg,번개 피해,
poisonDmg,독 피해,
fireRes,화염 저항 %,
coldRes,냉기 저항 %,
lightRes,번개 저항 %,
poisonRes,독 저항 %,
allRes,모든 저항 %,
ias,공격 속도 %,기본 공격 간격 단축 (장갑·무기)
fcr,시전 속도 %,스킬 재사용 대기 단축 (반지·목걸이)
shadowCap,그림자 상한,배치 절대 상한(hardCap) 자체를 늘린다 — 세트 완성 효과 전용
allSkills,모든 스킬 레벨,배운 스킬에만 (유니크 고유 효과)
