key,ruid,color,alpha,note
win_panel,6e8e561a4582462eaad762cb11d1f835,#171F2D,0.92,"창 바탕 (Panel_04, 남색 마스크)"
win_content,6e8e561a4582462eaad762cb11d1f835,#000000,0.3,"창 안쪽 칸 (어두운 바탕, 밝은 글자)"
win_paper,9eee37f21d974889947d021f08bcda62,#CAC7B9,0.85,"밝은 종이 칸 (Panel_05, 글자 #757474)"
win_desc,9eee37f21d974889947d021f08bcda62,#CAC7B9,0.85,설명 칸 (종이와 같음)
hud_box,bc1d674f8f0748d3a2ebec68b1561784,#000000,0.6,HUD 정보 띠 (흰 글자)
btn,c2660e96661c4a6e8dc8eaa17eb0655c,#FFFFFF,1,기본 버튼 Btn_W190_01 (흰 글자)
btn_ok,3a72c0cef5c94f7b9b6491a997f12fb9,#FFFFFF,1,강조 버튼 Btn_W190_03 (흰 글자)
btn_close,07096261a9944312b01dee501fed7599,#FFFFFF,1,닫기 70×70
slot,aa931a755e5949699233b817029a3e36,#FFFFFF,1,아이템 칸 Img_Normal 108 (개수 글자 흰+외곽 #5B5B5B)
slot_eq,cea88f94d3dd499dad1d8664cbcef81f,#1F2734,0.55,장비 칸 Btn_Check
slot_skill,0e76343b07704cffa28a2653920ba25b,#FFFFFF,1,스킬 칸 Slot_02 120
frame_magic,dcbbede8a7a0478b97e2ffa23b7fc14a,#FFFFFF,1,등급 테두리: 마법 (Img_Rare)
frame_rare,90c4bb16c95a4ae3916098b6ffb4d0e4,#FFFFFF,1,등급 테두리: 레어 (Img_Epic)
frame_unique,74d4021ef1794501acb73b78d267574e,#FFFFFF,1,등급 테두리: 유니크 (Img_Unique)
frame_set,70565cb756634ae7a168975f7a18fb1d,#FFFFFF,1,등급 테두리: 세트·룬워드 (Img_Legendary)
eq_weapon,b3db6c16a7094d8ba404ebbc165cc4c4,#FFFFFF,0.3,빈 장비 칸 그림: 무기
eq_offhand,b9727d71f412438bac9906ee33c6f94d,#FFFFFF,0.3,빈 장비 칸 그림: 보조
eq_helm,cc3e39ff09844be6884440bffad2a481,#FFFFFF,0.3,빈 장비 칸 그림: 투구
eq_armor,4dcf6a3ae60745e8919d19eb947e2cee,#FFFFFF,0.3,빈 장비 칸 그림: 갑옷
eq_gloves,a9f0c56879dd4fc7afd0a8fa4c7eb94f,#FFFFFF,0.3,빈 장비 칸 그림: 장갑
eq_boots,7c9e49db961241ed9e07b10186d401ea,#FFFFFF,0.3,빈 장비 칸 그림: 신발
eq_belt,c9124ecda2dc42788e87e9c81cf2423f,#FFFFFF,0.3,빈 장비 칸 그림: 허리띠
eq_amulet,f32d6dcdcdd44a98b579d06f8e3e99e9,#FFFFFF,0.3,빈 장비 칸 그림: 목걸이
eq_ring,514ec3f1bd1648d4bdb094924f7f2438,#FFFFFF,0.3,빈 장비 칸 그림: 반지
gauge_frame,43cdc2e197284fb0bf38df527fc2b07b,#FFFFFF,1,게이지 바탕 (Slider_HP_01 BG)
gauge_fill,abb4776c564b4afea134319bb2dd65f2,#FF0000,1,게이지 채움 (색은 쓰는 곳에서)
tab,36ad9f62ab654c6ca946ca654f232c24,#3B4864,0.8,탭 (선택 #EEEDE8 + 글자 #475674 / 보통 #3B4864 + 흰 글자)
circle,9d0fcc9395f94d5aa12f219106e95f31,#17243D,0.85,원형 바탕 (모바일 공격)
icon_sword,3119d2807ea7466e8e9056d0590a35cc,#EEEDE8,1,칼 (공격)
menu_btn,9b5537505c4e4ceebbbef50e8cc19248,#FFFFFF,1,메뉴 버튼 (글자 흰+외곽 #2D2D2D)
quest_paper,c26a3cc43a2347979a54ad4d35292271,#FFFFFF,1,퀘스트 추적 Base_White_01 (제목 #6C7995 · 내용 #8C99B4)
quest_icon,4644728712a941e3a69ea17cef8f1734,#FFFFFF,1,퀘스트 아이콘
red_dot,2860136c06ab075439721c027de365af,#E4573B,1,빨간 점 (쓸 포인트)
dot,5206778466fe4ccd94696968848766bc,#FFFFFF,1,"미니맵 점 (Icon_Dot, 색은 종류별)"
icon_bag,341c9cc01dc74de1aa0dcfef788fca38,#EEEDE8,1,소지품
icon_stats,ffac0cb81fc14860aede1243354df10d,#EEEDE8,1,능력치
icon_skill,d4a616725f8b4b23a9f75a68f0c342f9,#EEEDE8,1,스킬
icon_shadow,6e15e0bad96c46c98e46b1715b6abe08,#EEEDE8,1,그림자 보관함
icon_quest,4644728712a941e3a69ea17cef8f1734,#FFFFFF,1,퀘스트
icon_party,7ca6def2c852447292673899543e5b35,#EEEDE8,1,플레이어·파티
icon_rank,0c109b9d80334243a1301bcb49fc1305,#EEEDE8,1,랭킹
icon_waypoint,e614216b606f428dba21a96b4664456b,#EEEDE8,1,웨이포인트
icon_gear,65ee9c7adabc415fa233aa8373ab3380,#FFFFFF,1,설정·조작 (Btn_Option)
icon_scroll,2b7a59d71ba142b6a6dd66aa8f8dbe73,#FFFFFF,1,귀환 두루마리 (메이플 아이템)
icon_portal,c384eee2ca674ba58baf8b88c0b54924,#EEEDE8,1,귀환 (메뉴)
rune,5b08c120c36f424dadb1f9488b5f8a2f,#FFFFFF,1,룬 (메이플 아이템)
q_avail,5fc9e15f755642319b57a4be0f731651,#FFFFFF,1,NPC 새 의뢰 (Icon_Alert)
q_done,65289ae489cd4dfca1be0ba562054b17,#FFFFFF,1,의뢰 완료 보고 (Icon_Check_02)
potion_hp,234aca1a4ce946119b68e3717991e775,#FFFFFF,1,생명 물약
potion_mp,7e9b39b73f4945b1a8d77db6c99a6946,#FFFFFF,1,마나 물약
potion_rv,60538a9f27134b1c89cad56d3acda17c,#FFFFFF,1,회복 물약
