id,name,kind,effect,value,radius,interval,mult,element,weight,note
aura_might,광기 오오라,aura,dmg,25,3,0,0,,0.6,주변 아군 피해 +25%
aura_haste,질풍 오오라,aura,haste,20,3,0,0,,0.6,주변 아군 공격·이동 속도 +20%
aura_guard,수호 오오라,aura,guard,20,3,0,0,,0.6,주변 아군 받는 피해 -20%
skill_nova,충격파,skill,nova,0,2,6,1.5,,0.6,주위 범위 피해 (공격력 ×1.5)
skill_frost,냉기 파동,skill,nova,0,2,7,1.0,cold,0.7,주위 냉기 범위 피해 + 둔화
skill_slam,내려찍기,skill,nova,0,2.2,6,1.6,,0,묘지기 여왕 고유 (무작위 변종으로는 나오지 않음)
skill_fire,화염 폭발,skill,nova,0,2,6,1.4,fire,0.6,주위 화염 범위 피해 (공격력 ×1.4)
skill_light,낙뢰,skill,nova,0,2.2,6,1.3,light,0.6,주위 번개 범위 피해 (공격력 ×1.3)
skill_poison,독안개,cloud,poison,0,2.2,8,1.2,poison,1,그 자리에 4초 동안 독안개 (머무는 동안 공격력 ×1.2만큼 나눠 독 피해)
skill_leap,도약 강타,skill,leap,0,1.8,8,1.5,,1,대상 자리에 예고 원 → 뛰어올라 내려찍기 (공격력 ×1.5)
skill_barrage,뼈 탄막,skill,barrage,5,6,7,1,,1,기를 모은 뒤 부채꼴로 투사체 5발 (각 발 = 일반 공격)
skill_summon,무리 부르기,skill,summon,2,6,12,1,,0.8,같은 종류 졸개 2마리 (레벨 −2 · 한 번에 6마리까지)
