filename,key,name,tier,target_csv,ruid,iconPx
r_as.png,r_as,아스,low,data/runes.csv:icon,,128
r_mir.png,r_mir,미르,low,data/runes.csv:icon,,128
r_keil.png,r_keil,케일,low,data/runes.csv:icon,,128
r_nod.png,r_nod,노드,low,data/runes.csv:icon,,128
r_baen.png,r_baen,바엔,low,data/runes.csv:icon,,128
r_ruk.png,r_ruk,루크,low,data/runes.csv:icon,,128
r_seb.png,r_seb,세브,low,data/runes.csv:icon,,128
r_ireun.png,r_ireun,이른,low,data/runes.csv:icon,,128
r_drak.png,r_drak,드락,mid,data/runes.csv:icon,,128
r_wen.png,r_wen,웬,mid,data/runes.csv:icon,,128
r_hawin.png,r_hawin,하윈,mid,data/runes.csv:icon,,128
r_kura.png,r_kura,쿠라,mid,data/runes.csv:icon,,128
r_zel.png,r_zel,젤,mid,data/runes.csv:icon,,128
r_mor.png,r_mor,모르,mid,data/runes.csv:icon,,128
r_tab.png,r_tab,타브,mid,data/runes.csv:icon,,128
r_yel.png,r_yel,옐,mid,data/runes.csv:icon,,128
r_nox.png,r_nox,녹스,high,data/runes.csv:icon,,128
r_kan.png,r_kan,칸,high,data/runes.csv:icon,,128
r_sel.png,r_sel,셀,high,data/runes.csv:icon,,128
r_ur.png,r_ur,우르,high,data/runes.csv:icon,,128
r_xil.png,r_xil,크실,high,data/runes.csv:icon,,128
r_ab.png,r_ab,아브,top,data/runes.csv:icon,,128
r_rev.png,r_rev,레브,top,data/runes.csv:icon,,128
r_obl.png,r_obl,오블,top,data/runes.csv:icon,,128
waypoint_off.png,waypoint_off,웨이포인트 꺼짐,,data/ui_icons.csv:ruid,,256
waypoint_on.png,waypoint_on,웨이포인트 켜짐,,data/ui_icons.csv:ruid,,256
