id,name,tree,row,type,reqLv,prereq,maxLv
shadow_summon,그림자 소환,command,1,active,1,,20
extract_mastery,추출 숙련,command,1,passive,1,,20
rally,집결,command,6,active,6,shadow_summon,20
command_mastery,군령 숙련,command,12,passive,12,extract_mastery,20
deploy_expand,배치 확장,command,18,passive,18,command_mastery,3
soul_bond,혼 결속,command,24,aura,24,command_mastery,20
elite_promote,정예 승격,command,30,active,30,deploy_expand,20
shadow_sacrifice,그림자 희생,command,36,active,36,elite_promote,20
revive,되살림,command,42,active,42,command_mastery,20
war_cry,호령,command,50,aura,50,soul_bond,20
bone_shard,골편 투척,soul_art,1,active,1,,20
poison_mist,독안개,soul_art,6,active,6,bone_shard,20
corpse_burst,망자 폭쇄,soul_art,12,active,12,bone_shard,20
bone_prison,골격 감옥,soul_art,18,active,18,corpse_burst,20
soul_absorb,혼 흡수,soul_art,24,active,24,poison_mist,20
poison_spread,독 확산,soul_art,30,passive,30,poison_mist,20
bone_storm,뼈 폭풍,soul_art,36,active,36,bone_prison,20
soul_torrent,영혼 격류,soul_art,42,active,42,soul_absorb,20
death_wave,죽음의 파동,soul_art,50,active,50,bone_storm,20
weaken_mark,약화의 낙인,curse,1,curse,1,,20
decrepit,쇠약,curse,6,curse,6,weaken_mark,20
thorn_curse,가시 저주,curse,12,curse,12,decrepit,20
terror,공포,curse,18,curse,18,decrepit,20
confuse,혼란,curse,24,curse,24,terror,20
life_drain,생명 약탈,curse,30,curse,30,weaken_mark,20
lure,유인,curse,36,curse,36,confuse,20
wither,쇠퇴,curse,42,curse,42,thorn_curse,20
resist_break,저항 붕괴,curse,50,curse,50,wither,20
